delivered_count,incomplete_count,total_distance_km,total_travel_time_min,total_waiting_time_min,total_service_time_min,total_route_duration_min,number_of_active_days,active_days,total_deferral_days,hard_feasible,objective_value,solver,runtime_sec
297,3,1615.4946292917311,2086,4296,2196,8578,7,7,737,True,10390450.946292918,regret,87.39156789099798
291,9,1318.2245880347796,1712,4389,2147,8248,7,7,610,True,15117571.245880349,cp,70.11112238599162
284,16,2033.1580152872277,2573,3827,2093,8493,7,7,721,True,23234158.580152873,deadline,1.0773139270022511
204,96,749.7068479222389,999,6243,1512,8754,7,7,736,True,103373740.06847923,nearest,1.1129863629903411
